{
  "0": {
    "Name": "Jimmy och emil fusket",
    "Version": "1.3",
    "Author": "github.com/xfi0",
    "Link": "https://github.com/xfi0/Titled-Gui-CS2"
  },
  "ESP": {
    "ESP Enabled": true,
    "ESP Current Shape": 0,
    "ESP Rounding": 3.0,
    "ESP Outline": false,
    "ESP Team Check": true,
    "Outline Thickness": {
      "X": 1.0,
      "Y": 1.0
    },
    "ESP Opacity": 0.19,
    "ESP Glow Amount": 1.0,
    "ESP Gradient": true,
    "ESP Gradient Top": {
      "X": 1.0,
      "Y": 1.0,
      "Z": 1.0,
      "W": 0.2
    },
    "ESP Flash Check": true
  },
  "Tracers": {
    "Tracers Enabled": false,
    "Tracers Thickness": 1.0,
    "Tracers Team Check": true,
    "Tracers Draw On Self": false,
    "Tracers Current Start": 0,
    "Tracers Current End": 0
  },
  "Bone ESP": {
    "Bone ESP Enabled": true,
    "Bone ESP Thickness": 2.8,
    "Bone ESP Team Check": true,
    "Bone ESP Glow Amount": 0.0,
    "Bone ESP Color": {
      "Bone ESP Color X": 1.0,
      "Bone ESP Color Y": 1.0,
      "Bone ESP Color Z": 1.0,
      "Bone ESP Color W": 1.0
    }
  },
  "HealthBar": {
    "HealthBar Enabled": false,
    "HealthBar Rounding": 2.3,
    "HealthBar Width": 5.0
  },
  "Aimbot": {
    "Aimbot Enabled": false,
    "Aimbot Aim On Team": false,
    "Aimbot Selected Bone": 2,
    "Aimbot Aim Method": 0,
    "Aimbot FOV Size": 100,
    "Aimbot Use FOV": false,
    "Aimbot FOV Color": {
      "Aimbot FOV Color X": 1.0,
      "Aimbot FOV Color Y": 0.0,
      "Aimbot FOV Color Z": 0.0,
      "Aimbot FOV Color W": 0.0
    },
    "Aimbox Scope Check": false
  },
  "RCS": {
    "RCS Enabled": false,
    "RCS Strength": 100.0
  },
  "Trigger Bot": {
    "Trigger Bot Enabled": true,
    "Trigger Bot Max Delay": 23,
    "Trigger Bot Min Delay": 8,
    "Trigger Bot Shoot At Team": false,
    "Trigger Bot Require Keybind": true,
    "Trigger Bot Wallbang": false
  },
  "Bhop": {
    "Bhop Enabled": false,
    "Bhop Keybind": 32
  },
  "Eye Ray": {
    "Eye Ray Enabled": false,
    "Eye Ray Length": 50.0
  },
  "No Flash": {
    "No Flash Enabled": false
  },
  "FOV Changer": {
    "FOV Changer Enabled": false,
    "FOV Changer FOV": 60,
    "FOV Changer Default": 60
  },
  "Name Display": {
    "Name Display Enabled": false
  },
  "Armor Bar": {
    "Armor Bar Enabled": false,
    "Armor Bar Rounding": 3.0,
    "Armor Bar Team Check": true,
    "Armor Bar Draw On Self": true,
    "Armor Bar Width": 200.0
  },
  "Hit Actions": {
    "Hit Sound Enabled": false,
    "Hit Sound Volume": 1.0,
    "Current Hit Sound": 0,
    "Enable Headshot Text": false,
    "Headshot Text Color": {
      "Headshot Text Color X": 1.0,
      "Headshot Text Color Y": 1.0,
      "Headshot Text Color Z": 1.0,
      "Headshot Text Color W": 1.0
    }
  }
}